<?xml version="1.0" encoding="UTF-8"?>
<!DOCTYPE configuration>
<settings>
	<exceptions>
		<!-- Conversationが必要な個所で、Conversationが開始していない場合 -->
		<exception type="org.jboss.weld.context.NonexistentConversationException" message="ページの有効期間が切れたため、トップページに戻ります。"
			severity="INFO" viewId="#{authProvider.pageLoginSuccess}" redirect="false" log="false" />

		<!-- Conversationが必要な個所で、Conversationのロックタイムアウトの場合 -->
		<exception type="org.jboss.weld.context.BusyConversationException" message="サーバの高負荷のため、処理を中断しトップページに戻ります。"
			severity="INFO" viewId="#{authProvider.pageLoginSuccess}" redirect="false" log="false" />

		<!-- Sessionタイムアウトの場合 -->
		<exception type="javax.faces.application.ViewExpiredException" message="セッションタイムアウトです。再度ログインしてください。"
			severity="INFO" viewId="/sessionTimeout.xhtml" redirect="false" log="false" />

		<exception type="javax.servlet.ServletException" message="ページが見つかりません。URLを確認してください。"
			severity="WARN" viewId="/404.xhtml" redirect="false" log="false" />

		<exception type="java.lang.IllegalStateException" message="予期せぬエラーが発生したため、処理を中断しました。&lt;br/&gt;ブラウザを全て閉じてから、再度ログインしてください。"
			severity="WARN" viewId="/sessionTimeout.xhtml" redirect="true" log="false" />

		<exception type="java.lang.SecurityException" message="予期せぬエラーが発生したため、処理を中断しました。&lt;br/&gt;ブラウザを全て閉じてから、再度ログインしてください。"
			severity="ERROR" viewId="/error.xhtml" redirect="false" log="false" />

		<!-- 業務ロジックからRuntimeExceptionがスローされた場合の制御用 -->
		<exception type="javax.ejb.EJBException" message="予期せぬエラーが発生したため、処理を中断しました。&lt;br/&gt;ブラウザを全て閉じてから、再度ログインしてください。"
			severity="ERROR" viewId="/error.xhtml" redirect="false" log="true" />

		<!-- 予期しないエラー -->
		<!-- <exception type="java.lang.Exception" message="制御不能なシステムエラーが発生しました。" severity="ERROR" viewId="/error.xhtml" 
			redirect="true" log="true"/> -->
	</exceptions>
</settings>
