<?xml version="1.0" encoding="utf-8"?>	
<!DOCTYPE mapper PUBLIC	
  "-//mybatis.org//DTD Mapper 3.0//EN"	
  "http://mybatis.org/dtd/mybatis-3-mapper.dtd">

<mapper namespace="dcs.expart.booking.mybatis.mapper.MybatisSampleEntityMapper">
	<resultMap id="mybatisSampleBaseResultMap"
		type="dcs.expart.booking.mybatis.entity.MybatisSampleBaseEntity">
		<result property="insertUser" column="INSERTUSER" />
		<result property="insertDate" column="INSERTDATE" />
		<result property="updateUser" column="UPDATEUSER" />
		<result property="updateDate" column="UPDATEDATE" />
	</resultMap>
	<resultMap id="mybatisSampleResultMap"
		type="dcs.expart.booking.mybatis.entity.MybatisSampleEntity" extends="mybatisSampleBaseResultMap">
		<result property="id" column="ID" />
		<result property="firstName" column="FIRSTNAME" />
		<result property="secondName" column="SECONDNAME" />
		<result property="accountId" column="ACCOUNTID" />
		<result property="email" column="EMAIL" />
		<result property="password" column="PASSWORD" />
		<result property="rowVersion" column="ROWVERSION" />
	</resultMap>
	<select id="selectWithMapperXML" parameterType="String"
		resultMap="mybatisSampleResultMap">
		SELECT * FROM Account WHERE accountId = #{accountId}
	</select>
	<insert id="insertWithMapperXML"
		parameterType="dcs.expart.booking.mybatis.entity.MybatisSampleEntity">
		<selectKey keyProperty="id" resultType="long" order="BEFORE">
			SELECT
			COALESCE(MAX(id) + 1, 1) FROM account
		</selectKey>
		INSERT INTO account (
		insertDate,
		insertUser,
		rowVersion,
		accountId,
		email,
		password,
		firstName,
		secondName,
		id)
		VALUES (
		CURRENT_TIMESTAMP(),
		#{insertUser},
		#{rowVersion},
		#{accountId},
		#{email},
		#{password},
		#{firstName},
		#{secondName},
		#{id})
	</insert>
	<update id="updateWithMapperXML"
		parameterType="dcs.expart.booking.mybatis.entity.MybatisSampleEntity">
		UPDATE account SET
		firstName = #{firstName},
		secondName =
		#{secondName},
		password = #{password},
		email = #{email},
		rowVersion =
		#{rowVersion},
		updateUser = #{updateUser},
		updateDate =
		CURRENT_TIMESTAMP()
		WHERE accountId = #{accountId}
	</update>
	<delete id="deleteWithMapperXML" parameterType="String">
		DELETE FROM
		account WHERE accountId=#{accountId}
	</delete>
</mapper>