<?xml version="1.0" encoding="UTF-8" ?>	
<!DOCTYPE configuration	
  PUBLIC "-//mybatis.org//DTD Config 3.0//EN"																									
  "http://mybatis.org/dtd/mybatis-3-config.dtd">
<configuration>
	<environments default="test">
		<environment id="test">
			<transactionManager type="MANAGED" />
			<dataSource type="JNDI">
				<property name="data_source" value="java:jboss/datasources/ExampleDS" />
			</dataSource>
		</environment>
	</environments>
	<mappers>
		<mapper resource="mybatis_sample_mapper.xml" />
	</mappers>
</configuration>
  